<?xml version="1.0" encoding="utf-8"?>
<System>
  <P Name="Location">[536, 58, 1651, 1017]</P>
  <P Name="SystemRect">[0.000000, 0.000000, 0.000000, 0.000000]</P>
  <P Name="Open">on</P>
  <P Name="SetExecutionDomain">off</P>
  <P Name="ExecutionDomainType">Deduce</P>
  <P Name="ZoomFactor">108</P>
  <P Name="ReportName">simulink-default.rpt</P>
  <P Name="SIDHighWatermark">423</P>
  <P Name="SimulinkSubDomain">Simulink</P>
  <Block BlockType="Constant" Name="DC_Ctrl1" SID="210">
    <P Name="Position">[200, 92, 225, 118]</P>
    <P Name="ZOrder">44</P>
    <P Name="Value">0</P>
  </Block>
  <Block BlockType="Gain" Name="Gain1" SID="280">
    <P Name="Position">[295, 159, 335, 201]</P>
    <P Name="ZOrder">56</P>
    <P Name="ShowName">off</P>
    <P Name="Gain">0.3</P>
  </Block>
  <Block BlockType="Constant" Name="Normal" SID="60">
    <P Name="Position">[415, 299, 435, 321]</P>
    <P Name="ZOrder">-3</P>
    <P Name="Value">0</P>
  </Block>
  <Block BlockType="Scope" Name="PlotState" SID="122">
    <P Name="Ports">[4]</P>
    <P Name="Position">[1075, 102, 1150, 453]</P>
    <P Name="ZOrder">3</P>
    <P Name="ScopeSpecificationString">Simulink.scopes.TimeScopeBlockCfg(&apos;CurrentConfiguration&apos;, extmgr.ConfigurationSet(extmgr.Configuration(&apos;Core&apos;,&apos;General UI&apos;,true),extmgr.Configuration(&apos;Core&apos;,&apos;Source UI&apos;,true),extmgr.Configuration(&apos;Sources&apos;,&apos;WiredSimulink&apos;,true,&apos;DataLoggingVariableName&apos;,&apos;StateData&apos;,&apos;DataLoggingSaveFormat&apos;,&apos;StructureWithTime&apos;,&apos;DataLoggingMaxPoints&apos;,&apos;12000&apos;,&apos;DataLoggingDecimation&apos;,&apos;1&apos;,&apos;DataLoggingDecimateData&apos;,true),extmgr.Configuration(&apos;Visuals&apos;,&apos;Time Domain&apos;,true,&apos;SerializedDisplays&apos;,{struct(&apos;MinYLimReal&apos;,&apos;-1.20578&apos;,&apos;MaxYLimReal&apos;,&apos;1.22934&apos;,&apos;YLabelReal&apos;,&apos;&apos;,&apos;MinYLimMag&apos;,&apos;0.00000&apos;,&apos;MaxYLimMag&apos;,&apos;1.22934&apos;,&apos;LegendVisibility&apos;,&apos;Off&apos;,&apos;XGrid&apos;,true,&apos;YGrid&apos;,true,&apos;PlotMagPhase&apos;,false,&apos;AxesColor&apos;,[0 0 0],&apos;AxesTickColor&apos;,[0.686274509803922 0.686274509803922 0.686274509803922],&apos;ColorOrder&apos;,[1 1 0.0666666666666667;0.0745098039215686 0.623529411764706 1;1 0.411764705882353 0.16078431372549;0.392156862745098 0.831372549019608 0.0745098039215686;0.717647058823529 0.274509803921569 1;0.0588235294117647 1 1;1 0.0745098039215686 0.650980392156863],&apos;Title&apos;,&apos;%&lt;SignalLabel&gt;&apos;,&apos;LinePropertiesCache&apos;,{{}},&apos;UserDefinedChannelNames&apos;,{{}},&apos;NumLines&apos;,1,&apos;LineNames&apos;,{{&apos;Pendulum angle [rad]&apos;}},&apos;ShowContent&apos;,true,&apos;Placement&apos;,1),struct(&apos;MinYLimReal&apos;,&apos;-117.48036&apos;,&apos;MaxYLimReal&apos;,&apos;346.50031&apos;,&apos;YLabelReal&apos;,&apos;&apos;,&apos;MinYLimMag&apos;,&apos;0&apos;,&apos;MaxYLimMag&apos;,&apos;10&apos;,&apos;LegendVisibility&apos;,&apos;off&apos;,&apos;XGrid&apos;,true,&apos;YGrid&apos;,true,&apos;PlotMagPhase&apos;,false,&apos;AxesColor&apos;,[0 0 0],&apos;AxesTickColor&apos;,[0.686274509803922 0.686274509803922 0.686274509803922],&apos;ColorOrder&apos;,[1 1 0.0666666666666667;0.0745098039215686 0.623529411764706 1;1 0.411764705882353 0.16078431372549;0.392156862745098 0.831372549019608 0.0745098039215686;0.717647058823529 0.274509803921569 1;0.0588235294117647 1 1;1 0.0745098039215686 0.650980392156863],&apos;Title&apos;,&apos;%&lt;SignalLabel&gt;&apos;,&apos;LinePropertiesCache&apos;,{{}},&apos;UserDefinedChannelNames&apos;,{{}},&apos;NumLines&apos;,1,&apos;LineNames&apos;,{{&apos;Motor angular velocity [rad/s]&apos;}},&apos;ShowContent&apos;,true,&apos;Placement&apos;,2),struct(&apos;MinYLimReal&apos;,&apos;-2.63102&apos;,&apos;MaxYLimReal&apos;,&apos;2.60254&apos;,&apos;YLabelReal&apos;,&apos;&apos;,&apos;MinYLimMag&apos;,&apos;0&apos;,&apos;MaxYLimMag&apos;,&apos;10&apos;,&apos;LegendVisibility&apos;,&apos;off&apos;,&apos;XGrid&apos;,true,&apos;YGrid&apos;,true,&apos;PlotMagPhase&apos;,false,&apos;AxesColor&apos;,[0 0 0],&apos;AxesTickColor&apos;,[0.686274509803922 0.686274509803922 0.686274509803922],&apos;ColorOrder&apos;,[1 1 0.0666666666666667;0.0745098039215686 0.623529411764706 1;1 0.411764705882353 0.16078431372549;0.392156862745098 0.831372549019608 0.0745098039215686;0.717647058823529 0.274509803921569 1;0.0588235294117647 1 1;1 0.0745098039215686 0.650980392156863],&apos;Title&apos;,&apos;%&lt;SignalLabel&gt;&apos;,&apos;LinePropertiesCache&apos;,{{}},&apos;UserDefinedChannelNames&apos;,{{}},&apos;NumLines&apos;,1,&apos;LineNames&apos;,{{&apos;DC Current [A]&apos;}},&apos;ShowContent&apos;,true,&apos;Placement&apos;,3),struct(&apos;MinYLimReal&apos;,&apos;-0.625&apos;,&apos;MaxYLimReal&apos;,&apos;0.625&apos;,&apos;YLabelReal&apos;,&apos;&apos;,&apos;MinYLimMag&apos;,&apos;0&apos;,&apos;MaxYLimMag&apos;,&apos;10&apos;,&apos;LegendVisibility&apos;,&apos;off&apos;,&apos;XGrid&apos;,true,&apos;YGrid&apos;,true,&apos;PlotMagPhase&apos;,false,&apos;AxesColor&apos;,[0 0 0],&apos;AxesTickColor&apos;,[0.686274509803922 0.686274509803922 0.686274509803922],&apos;ColorOrder&apos;,[1 1 0.0666666666666667;0.0745098039215686 0.623529411764706 1;1 0.411764705882353 0.16078431372549;0.392156862745098 0.831372549019608 0.0745098039215686;0.717647058823529 0.274509803921569 1;0.0588235294117647 1 1;1 0.0745098039215686 0.650980392156863],&apos;Title&apos;,&apos;%&lt;SignalLabel&gt;&apos;,&apos;LinePropertiesCache&apos;,{{}},&apos;UserDefinedChannelNames&apos;,{{}},&apos;NumLines&apos;,1,&apos;LineNames&apos;,{{&apos;Control&apos;}},&apos;ShowContent&apos;,true,&apos;Placement&apos;,4)},&apos;DisplayPropertyDefaults&apos;,struct(&apos;YLabelReal&apos;,&apos;&apos;,&apos;AxesColor&apos;,[0 0 0],&apos;AxesTickColor&apos;,[0.686274509803922 0.686274509803922 0.686274509803922],&apos;ColorOrder&apos;,[1 1 0.0666666666666667;0.0745098039215686 0.623529411764706 1;1 0.411764705882353 0.16078431372549;0.392156862745098 0.831372549019608 0.0745098039215686;0.717647058823529 0.274509803921569 1;0.0588235294117647 1 1;1 0.0745098039215686 0.650980392156863],&apos;Title&apos;,&apos;%&lt;SignalLabel&gt;&apos;,&apos;LinePropertiesCache&apos;,{{}},&apos;UserDefinedChannelNames&apos;,{{}},&apos;NumLines&apos;,0,&apos;LineNames&apos;,{{[]}},&apos;ShowContent&apos;,true,&apos;Placement&apos;,1),&apos;DisplayLayoutDimensions&apos;,[4 1],&apos;TimeRangeSamples&apos;,&apos;40&apos;,&apos;TimeRangeFrames&apos;,&apos;40&apos;),extmgr.Configuration(&apos;Tools&apos;,&apos;Plot Navigation&apos;,true,&apos;OnceAtStop&apos;,false,&apos;PreviousAutoscale&apos;,&apos;XY&apos;),extmgr.Configuration(&apos;Tools&apos;,&apos;Measurements&apos;,true,&apos;Version&apos;,&apos;2021b&apos;)),&apos;Version&apos;,&apos;2021b&apos;,&apos;Location&apos;,[8 88 794 1027],&apos;VisibleAtModelOpen&apos;,&apos;on&apos;)</P>
    <P Name="NumInputPorts">4</P>
    <P Name="Floating">off</P>
  </Block>
  <Block BlockType="SubSystem" Name="RP Driver" SID="284">
    <P Name="Ports">[2, 3]</P>
    <P Name="Position">[630, 107, 790, 363]</P>
    <P Name="ZOrder">60</P>
    <P Name="RequestExecContextInheritance">off</P>
    <Mask>
      <Display>image(imread(&apos;rwp.JPG&apos;))</Display>
    </Mask>
    <Port>
      <P Name="PortNumber">1</P>
      <P Name="Name">Pendulum angle [rad]</P>
      <P Name="PropagatedSignals">Pendulum Angle [rad]</P>
    </Port>
    <Port>
      <P Name="PortNumber">2</P>
      <P Name="Name">Motor angular velocity [rad/s]</P>
      <P Name="PropagatedSignals">DC Vel [rad/s]</P>
    </Port>
    <Port>
      <P Name="PortNumber">3</P>
      <P Name="Name">DC Current [A]</P>
    </Port>
    <System Ref="system_284"/>
  </Block>
  <Block BlockType="Constant" Name="Reset" SID="63">
    <P Name="Position">[415, 279, 435, 301]</P>
    <P Name="ZOrder">-6</P>
    <P Name="NameLocation">top</P>
  </Block>
  <Block BlockType="ManualSwitch" Name="Reset&#xA;Encoders" SID="64">
    <P Name="Position">[475, 282, 505, 318]</P>
    <P Name="ZOrder">-7</P>
    <P Name="CurrentSetting">0</P>
  </Block>
  <Block BlockType="ManualSwitch" Name="Reset&#xA;Encoders2" SID="209">
    <P Name="Position">[390, 152, 420, 188]</P>
    <P Name="ZOrder">43</P>
    <P Name="ShowName">off</P>
    <P Name="CurrentSetting">0</P>
    <Port>
      <P Name="PortNumber">1</P>
      <P Name="Name">Control</P>
    </Port>
  </Block>
  <Block BlockType="SignalGenerator" Name="Signal&#xA;Generator" SID="211">
    <P Name="Ports">[0, 1]</P>
    <P Name="Position">[195, 165, 225, 195]</P>
    <P Name="ZOrder">45</P>
    <P Name="Frequency">1/2</P>
  </Block>
  <Line>
    <P Name="ZOrder">7</P>
    <P Name="Src">60#out:1</P>
    <P Name="Dst">64#in:2</P>
  </Line>
  <Line>
    <P Name="ZOrder">8</P>
    <P Name="Src">63#out:1</P>
    <P Name="Dst">64#in:1</P>
  </Line>
  <Line>
    <P Name="ZOrder">436</P>
    <P Name="Src">64#out:1</P>
    <P Name="Dst">284#in:2</P>
  </Line>
  <Line>
    <P Name="Name">DC Current [A]</P>
    <P Name="ZOrder">698</P>
    <P Name="Labels">[1, 1]</P>
    <P Name="Src">284#out:3</P>
    <P Name="Dst">122#in:3</P>
  </Line>
  <Line>
    <P Name="Name">Control</P>
    <P Name="ZOrder">196</P>
    <P Name="Labels">[1, 1]</P>
    <P Name="Src">209#out:1</P>
    <P Name="Points">[170, 0]</P>
    <Branch>
      <P Name="ZOrder">700</P>
      <P Name="Labels">[2, 1]</P>
      <P Name="Points">[0, 235]</P>
      <P Name="Dst">122#in:4</P>
    </Branch>
    <Branch>
      <P Name="ZOrder">699</P>
      <P Name="Dst">284#in:1</P>
    </Branch>
  </Line>
  <Line>
    <P Name="ZOrder">195</P>
    <P Name="Src">210#out:1</P>
    <P Name="Points">[135, 0; 0, 55]</P>
    <P Name="Dst">209#in:1</P>
  </Line>
  <Line>
    <P Name="ZOrder">198</P>
    <P Name="Src">211#out:1</P>
    <P Name="Dst">280#in:1</P>
  </Line>
  <Line>
    <P Name="Name">Motor angular velocity [rad/s]</P>
    <P Name="ZOrder">697</P>
    <P Name="Labels">[1, 1]</P>
    <P Name="Src">284#out:2</P>
    <P Name="Dst">122#in:2</P>
  </Line>
  <Line>
    <P Name="ZOrder">377</P>
    <P Name="Src">280#out:1</P>
    <P Name="Dst">209#in:2</P>
  </Line>
  <Line>
    <P Name="Name">Pendulum angle [rad]</P>
    <P Name="ZOrder">695</P>
    <P Name="Labels">[1, 1]</P>
    <P Name="Src">284#out:1</P>
    <P Name="Dst">122#in:1</P>
  </Line>
</System>
