<?xml version="1.0" encoding="utf-8"?>
<System>
  <P Name="Location">[536, 58, 1651, 1017]</P>
  <P Name="SystemRect">[0.000000, 0.000000, 0.000000, 0.000000]</P>
  <P Name="Open">on</P>
  <P Name="SetExecutionDomain">off</P>
  <P Name="ExecutionDomainType">Deduce</P>
  <P Name="ZoomFactor">80</P>
  <P Name="SimulinkSubDomain">Simulink</P>
  <Block BlockType="Inport" Name="Azimuth Control" SID="285">
    <P Name="Position">[55, 148, 85, 162]</P>
    <P Name="ZOrder">-1</P>
  </Block>
  <Block BlockType="Inport" Name="Reset" SID="286">
    <P Name="Position">[60, 273, 90, 287]</P>
    <P Name="ZOrder">-3</P>
    <P Name="Port">2</P>
  </Block>
  <Block BlockType="Sum" Name="Add" SID="287">
    <P Name="Ports">[2, 1]</P>
    <P Name="Position">[620, 495, 640, 515]</P>
    <P Name="ZOrder">-4</P>
    <P Name="ShowName">off</P>
    <P Name="Inputs">+-|</P>
  </Block>
  <Block BlockType="Sum" Name="Add1" SID="288">
    <P Name="Ports">[2, 1]</P>
    <P Name="Position">[720, 300, 740, 320]</P>
    <P Name="ZOrder">11</P>
    <P Name="ShowName">off</P>
    <P Name="Inputs">+-|</P>
  </Block>
  <Block BlockType="Gain" Name="DC&#xA;Convert to [A]1" SID="303">
    <P Name="Position">[485, 327, 515, 353]</P>
    <P Name="ZOrder">3</P>
    <P Name="Gain">0.8333</P>
    <P Name="ParamDataTypeStr">Inherit: Same as input</P>
    <P Name="OutDataTypeStr">Inherit: Same as input</P>
    <P Name="SaturateOnIntegerOverflow">on</P>
  </Block>
  <Block BlockType="Gain" Name="DC&#xA;Convert to rad" SID="304">
    <P Name="Position">[485, 257, 515, 283]</P>
    <P Name="ZOrder">-16</P>
    <P Name="Gain">2*pi/4096</P>
    <P Name="ParamDataTypeStr">Inherit: Same as input</P>
    <P Name="OutDataTypeStr">Inherit: Same as input</P>
    <P Name="SaturateOnIntegerOverflow">on</P>
    <Port>
      <P Name="PortNumber">1</P>
      <P Name="Name">DC Angle [rad]</P>
    </Port>
  </Block>
  <Block BlockType="Product" Name="Divide" SID="306">
    <P Name="Ports">[2, 1]</P>
    <P Name="Position">[880, 282, 905, 393]</P>
    <P Name="ZOrder">14</P>
    <P Name="Inputs">*/</P>
    <Port>
      <P Name="PortNumber">1</P>
      <P Name="Name">DC Vel [rad/s]</P>
    </Port>
  </Block>
  <Block BlockType="Gain" Name="Gain" SID="308">
    <P Name="Position">[135, 265, 165, 295]</P>
    <P Name="ZOrder">-10</P>
    <P Name="ShowName">off</P>
    <P Name="Gain">[1;1]</P>
  </Block>
  <Block BlockType="Gain" Name="Gain1" SID="309">
    <P Name="Position">[670, 490, 700, 520]</P>
    <P Name="ZOrder">-11</P>
    <P Name="ShowName">off</P>
    <P Name="Gain">1/20000000</P>
    <Port>
      <P Name="PortNumber">1</P>
      <P Name="Name">Period [ms]</P>
    </Port>
  </Block>
  <Block BlockType="Gain" Name="Gain2" SID="310">
    <P Name="Position">[130, 140, 160, 170]</P>
    <P Name="ZOrder">2</P>
    <P Name="ShowName">off</P>
  </Block>
  <Block BlockType="Memory" Name="Memory" SID="311">
    <P Name="Position">[575, 497, 595, 513]</P>
    <P Name="ZOrder">-13</P>
    <P Name="NameLocation">top</P>
    <P Name="ShowName">off</P>
  </Block>
  <Block BlockType="Memory" Name="Memory1" SID="312">
    <P Name="Position">[675, 302, 695, 318]</P>
    <P Name="ZOrder">10</P>
    <P Name="NameLocation">top</P>
    <P Name="ShowName">off</P>
  </Block>
  <Block BlockType="Gain" Name="N/A" SID="321">
    <P Name="Position">[485, 397, 515, 423]</P>
    <P Name="ZOrder">-5</P>
    <P Name="ParamDataTypeStr">Inherit: Same as input</P>
    <P Name="OutDataTypeStr">Inherit: Same as input</P>
    <P Name="SaturateOnIntegerOverflow">on</P>
  </Block>
  <Block BlockType="Gain" Name="Pendulum&#xA;Convert to rad" SID="314">
    <P Name="Position">[485, 187, 515, 213]</P>
    <P Name="ZOrder">-6</P>
    <P Name="Gain">2*pi/20000</P>
    <P Name="ParamDataTypeStr">Inherit: Same as input</P>
    <P Name="OutDataTypeStr">Inherit: Same as input</P>
    <P Name="SaturateOnIntegerOverflow">on</P>
    <Port>
      <P Name="PortNumber">1</P>
      <P Name="Name">Pendulum Angle [rad]</P>
    </Port>
  </Block>
  <Block BlockType="Display" Name="Period [ms]" SID="316">
    <P Name="Ports">[1]</P>
    <P Name="Position">[950, 492, 1095, 518]</P>
    <P Name="ZOrder">-14</P>
    <P Name="Format">long</P>
    <P Name="Decimation">1</P>
  </Block>
  <Block BlockType="Constant" Name="Prescaler" SID="317">
    <P Name="Position">[135, 395, 155, 415]</P>
    <P Name="ZOrder">-19</P>
    <P Name="Value">0</P>
  </Block>
  <Block BlockType="S-Function" Name="S-Function" SID="318">
    <P Name="Ports">[4, 7]</P>
    <P Name="Position">[290, 88, 400, 592]</P>
    <P Name="ZOrder">-20</P>
    <P Name="FunctionName">rtdacusb2_rpend_dd</P>
    <P Name="Parameters">1, h</P>
    <P Name="SFunctionDeploymentMode">off</P>
    <P Name="EnableBusSupport">off</P>
    <P Name="SFcnIsStateOwnerBlock">off</P>
  </Block>
  <Block BlockType="Saturate" Name="Saturation" SID="319">
    <P Name="Position">[230, 140, 255, 170]</P>
    <P Name="ZOrder">-21</P>
    <P Name="ShowName">off</P>
    <P Name="UpperLimit">1</P>
    <P Name="LowerLimit">-1</P>
  </Block>
  <Block BlockType="Display" Name="Status" SID="320">
    <P Name="Ports">[1]</P>
    <P Name="Position">[455, 115, 545, 145]</P>
    <P Name="ZOrder">-24</P>
    <P Name="Decimation">1</P>
  </Block>
  <Block BlockType="Terminator" Name="Terminator1" SID="406">
    <P Name="Position">[575, 400, 595, 420]</P>
    <P Name="ZOrder">210</P>
  </Block>
  <Block BlockType="Display" Name="Therm Status" SID="323">
    <P Name="Ports">[1]</P>
    <P Name="Position">[460, 525, 545, 575]</P>
    <P Name="ZOrder">209</P>
    <P Name="Decimation">1</P>
  </Block>
  <Block BlockType="Constant" Name="ThermFlag" SID="324">
    <P Name="Position">[135, 520, 155, 540]</P>
    <P Name="ZOrder">-8</P>
    <P Name="Value">0</P>
  </Block>
  <Block BlockType="Gain" Name="rad2RPM" SID="325">
    <P Name="Position">[770, 292, 820, 328]</P>
    <P Name="ZOrder">12</P>
    <P Name="ParamDataTypeStr">Inherit: Same as input</P>
    <P Name="OutDataTypeStr">Inherit: Same as input</P>
    <P Name="SaturateOnIntegerOverflow">on</P>
  </Block>
  <Block BlockType="Outport" Name="StateBus" SID="327">
    <P Name="Position">[1010, 193, 1040, 207]</P>
    <P Name="ZOrder">214</P>
    <P Name="VectorParamsAs1DForOutWhenUnconnected">off</P>
  </Block>
  <Block BlockType="Outport" Name="StateBus1" SID="423">
    <P Name="Position">[1010, 333, 1040, 347]</P>
    <P Name="ZOrder">213</P>
    <P Name="Port">2</P>
    <P Name="VectorParamsAs1DForOutWhenUnconnected">off</P>
  </Block>
  <Block BlockType="Outport" Name="DC Curr [A]" SID="328">
    <P Name="Position">[570, 333, 600, 347]</P>
    <P Name="ZOrder">24</P>
    <P Name="Port">3</P>
    <P Name="VectorParamsAs1DForOutWhenUnconnected">off</P>
  </Block>
  <Line>
    <P Name="ZOrder">1</P>
    <P Name="Src">318#out:7</P>
    <P Name="Dst">323#in:1</P>
  </Line>
  <Line>
    <P Name="ZOrder">2</P>
    <P Name="Src">318#out:5</P>
    <P Name="Dst">321#in:1</P>
  </Line>
  <Line>
    <P Name="ZOrder">3</P>
    <P Name="Src">318#out:4</P>
    <P Name="Dst">303#in:1</P>
  </Line>
  <Line>
    <P Name="ZOrder">6</P>
    <P Name="Src">324#out:1</P>
    <P Name="Dst">318#in:4</P>
  </Line>
  <Line>
    <P Name="ZOrder">7</P>
    <P Name="Src">317#out:1</P>
    <P Name="Dst">318#in:3</P>
  </Line>
  <Line>
    <P Name="ZOrder">8</P>
    <P Name="Src">308#out:1</P>
    <P Name="Dst">318#in:2</P>
  </Line>
  <Line>
    <P Name="ZOrder">9</P>
    <P Name="Src">303#out:1</P>
    <P Name="Dst">328#in:1</P>
  </Line>
  <Line>
    <P Name="Name">DC Vel [rad/s]</P>
    <P Name="ZOrder">109</P>
    <P Name="Labels">[1, 0]</P>
    <P Name="Src">306#out:1</P>
    <P Name="Dst">423#in:1</P>
  </Line>
  <Line>
    <P Name="ZOrder">18</P>
    <P Name="Src">325#out:1</P>
    <P Name="Dst">306#in:1</P>
  </Line>
  <Line>
    <P Name="ZOrder">19</P>
    <P Name="Src">288#out:1</P>
    <P Name="Dst">325#in:1</P>
  </Line>
  <Line>
    <P Name="ZOrder">20</P>
    <P Name="Src">312#out:1</P>
    <P Name="Dst">288#in:2</P>
  </Line>
  <Line>
    <P Name="ZOrder">66</P>
    <P Name="Src">321#out:1</P>
    <P Name="Dst">406#in:1</P>
  </Line>
  <Line>
    <P Name="ZOrder">22</P>
    <P Name="Src">318#out:6</P>
    <P Name="Points">[145, 0]</P>
    <Branch>
      <P Name="ZOrder">23</P>
      <P Name="Points">[0, -1; 80, 0]</P>
      <P Name="Dst">287#in:1</P>
    </Branch>
    <Branch>
      <P Name="ZOrder">24</P>
      <P Name="Points">[0, 25]</P>
      <P Name="Dst">311#in:1</P>
    </Branch>
  </Line>
  <Line>
    <P Name="ZOrder">25</P>
    <P Name="Src">310#out:1</P>
    <P Name="Dst">319#in:1</P>
  </Line>
  <Line>
    <P Name="Name">Period [ms]</P>
    <P Name="ZOrder">26</P>
    <P Name="Src">309#out:1</P>
    <P Name="Points">[28, 0]</P>
    <Branch>
      <P Name="ZOrder">27</P>
      <P Name="Dst">316#in:1</P>
    </Branch>
    <Branch>
      <P Name="ZOrder">28</P>
      <P Name="Labels">[2, 1]</P>
      <P Name="Points">[0, -140]</P>
      <P Name="Dst">306#in:2</P>
    </Branch>
  </Line>
  <Line>
    <P Name="ZOrder">31</P>
    <P Name="Src">287#out:1</P>
    <P Name="Dst">309#in:1</P>
  </Line>
  <Line>
    <P Name="ZOrder">32</P>
    <P Name="Src">311#out:1</P>
    <P Name="Dst">287#in:2</P>
  </Line>
  <Line>
    <P Name="Name">DC Angle [rad]</P>
    <P Name="ZOrder">33</P>
    <P Name="Src">304#out:1</P>
    <P Name="Points">[119, 0]</P>
    <Branch>
      <P Name="ZOrder">113</P>
      <P Name="Points">[91, 0]</P>
      <P Name="Dst">288#in:1</P>
    </Branch>
    <Branch>
      <P Name="ZOrder">111</P>
      <P Name="Labels">[-1, 1]</P>
      <P Name="Points">[0, 40]</P>
      <P Name="Dst">312#in:1</P>
    </Branch>
  </Line>
  <Line>
    <P Name="ZOrder">52</P>
    <P Name="Src">318#out:3</P>
    <P Name="Dst">304#in:1</P>
  </Line>
  <Line>
    <P Name="Name">Pendulum Angle [rad]</P>
    <P Name="ZOrder">110</P>
    <P Name="Labels">[1, 0]</P>
    <P Name="Src">314#out:1</P>
    <P Name="Dst">327#in:1</P>
  </Line>
  <Line>
    <P Name="ZOrder">51</P>
    <P Name="Src">318#out:2</P>
    <P Name="Dst">314#in:1</P>
  </Line>
  <Line>
    <P Name="ZOrder">47</P>
    <P Name="Src">318#out:1</P>
    <P Name="Dst">320#in:1</P>
  </Line>
  <Line>
    <P Name="ZOrder">48</P>
    <P Name="Src">319#out:1</P>
    <P Name="Dst">318#in:1</P>
  </Line>
  <Line>
    <P Name="ZOrder">49</P>
    <P Name="Src">286#out:1</P>
    <P Name="Dst">308#in:1</P>
  </Line>
  <Line>
    <P Name="ZOrder">50</P>
    <P Name="Src">285#out:1</P>
    <P Name="Dst">310#in:1</P>
  </Line>
  <Annotation SID="329">
    <P Name="Name">RP RT-DAC/USB2
Interface</P>
    <P Name="Position">[265, 5, 434, 53]</P>
    <P Name="InternalMargins">[0, 0, 0, 0]</P>
    <P Name="ZOrder">-1</P>
    <P Name="FontName">Arial</P>
    <P Name="FontSize">20</P>
    <P Name="FontWeight">bold</P>
  </Annotation>
</System>
