<?xml version="1.0" encoding="UTF-8"?>
<sltp_graph version="1.1" packageUris="http://schema.mathworks.com/mf0/sltp_mm/R2021b_202106150630">
  <sltp.mm.core.Context type="sltp.mm.core.Context" uuid="1d0e19c0-69cd-440f-9472-98123bc47c01">
    <priorityDirection>HighNumberLast</priorityDirection>
    <editorState type="sltp.mm.core.EditorState" uuid="7a54081c-291c-470c-83f9-6af4bace3949">
      <isSynchronized>true</isSynchronized>
      <panelState type="sltp.mm.core.EditorPanelState" uuid="770e387b-2cb7-419f-ab55-faf0fe0694a5"/>
    </editorState>
    <rootTask type="sltp.mm.core.Task" uuid="cf0cfb1a-6336-48fb-9604-bfde2ba13e5c">
      <context type="sltp.mm.core.Context" uuid="1d0e19c0-69cd-440f-9472-98123bc47c01"/>
      <explicit>false</explicit>
      <name>Default</name>
      <priority>-2147483648</priority>
      <subgraph type="sltp.mm.core.Graph" uuid="1e6a69a7-ace4-45e7-bfa9-d9aee75b652b">
        <tasks type="sltp.mm.core.Task" uuid="0cc3c1ff-d56a-4c7f-a9a2-64a8c38a51e8">
          <baseTask>true</baseTask>
          <context type="sltp.mm.core.Context" uuid="1d0e19c0-69cd-440f-9472-98123bc47c01"/>
          <explicit>false</explicit>
          <id>1</id>
          <isTimed>true</isTimed>
          <name>Cont</name>
          <priority>40</priority>
          <rates type="sltp.mm.core.Rate" uuid="ce689f18-9c1a-44f9-a608-642370cf5037">
            <annotation>Cont</annotation>
            <color>255</color>
            <hasBlocks>true</hasBlocks>
            <rateSpec type="sltp.mm.core.RateSpec">
              <period>0.0</period>
            </rateSpec>
            <sti>0</sti>
          </rates>
          <rates type="sltp.mm.core.Rate" uuid="e57168ce-27d8-4b2f-b0cc-6b6a62413b3b">
            <annotation>D1</annotation>
            <color>-436207361</color>
            <hasBlocks>true</hasBlocks>
            <rateSpec type="sltp.mm.core.RateSpec">
              <period>.05</period>
            </rateSpec>
            <sti>1</sti>
          </rates>
        </tasks>
      </subgraph>
    </rootTask>
  </sltp.mm.core.Context>
</sltp_graph>