<?xml version="1.0" encoding="UTF-8"?>
<sltp_editor version="1.1" packageUris="http://schema.mathworks.com/mf0/DiagramEditor/R2019a_20181107 http://schema.mathworks.com/mf0/SltpSyntax/R2021b_202101212121">
  <diagram.editor.model.Diagram type="diagram.editor.model.Diagram" uuid="46befcee-655f-4e4d-9dab-b33578547510">
    <entities type="diagram.editor.model.Entity" uuid="e1e51fb7-71e8-47d9-b5d0-5c572c3a54e8">
      <position>0,0</position>
      <size>0,0,100,100</size>
      <syntaxElement type="sltp.mm.syntax.Node" uuid="9f866486-41c5-49bd-9c4f-d05edd672263"/>
      <title>Cont</title>
      <type>base</type>
      <subDiagram type="diagram.editor.model.Diagram" uuid="7e051758-83c6-4da4-9e9c-dc4b9e30e7e8">
        <position>0,0</position>
        <size>0,0,0,0</size>
        <syntaxElement type="sltp.mm.syntax.Graph" uuid="38e9f5db-1548-4ab2-89e4-86b1dd2483e1"/>
        <title>Cont</title>
        <type>graph.Graph</type>
      </subDiagram>
    </entities>
    <position>0,0</position>
    <size>0,0,0,0</size>
    <syntaxElement type="sltp.mm.syntax.Graph" uuid="80925ab7-a20f-4d4d-9916-100c554369fe"/>
    <title>Default</title>
    <type>graph.Graph</type>
  </diagram.editor.model.Diagram>
  <sltp.mm.syntax.Context type="sltp.mm.syntax.Context" uuid="c4f5790a-37e2-4be8-9f1c-af113df2a515">
    <rootGraph type="sltp.mm.syntax.Graph" uuid="80925ab7-a20f-4d4d-9916-100c554369fe">
      <children type="sltp.mm.syntax.Node" uuid="9f866486-41c5-49bd-9c4f-d05edd672263">
        <priority>40</priority>
        <rates type="sltp.mm.syntax.RateData">
          <color>#000000</color>
          <hasBlocks>true</hasBlocks>
          <rate>0</rate>
          <title>Cont</title>
        </rates>
        <rates type="sltp.mm.syntax.RateData">
          <color>#e60000</color>
          <hasBlocks>true</hasBlocks>
          <rate>0.05</rate>
          <title>D1</title>
        </rates>
        <title>Cont</title>
        <type>base</type>
        <diagramElement type="diagram.editor.model.Entity" uuid="e1e51fb7-71e8-47d9-b5d0-5c572c3a54e8"/>
        <subgraph type="sltp.mm.syntax.Graph" uuid="38e9f5db-1548-4ab2-89e4-86b1dd2483e1">
          <title>Cont</title>
          <diagramElement type="diagram.editor.model.Diagram" uuid="7e051758-83c6-4da4-9e9c-dc4b9e30e7e8"/>
        </subgraph>
      </children>
      <title>Default</title>
      <diagramElement type="diagram.editor.model.Diagram" uuid="46befcee-655f-4e4d-9dab-b33578547510"/>
    </rootGraph>
  </sltp.mm.syntax.Context>
</sltp_editor>