<?xml version="1.0" encoding="UTF-8" standalone="yes" ?>
<cp:coreProperties xmlns:cp="http://schemas.openxmlformats.org/package/2006/metadata/core-properties" xmlns:dc="http://purl.org/dc/elements/1.1/" xmlns:dcmitype="http://purl.org/dc/dcmitype/" xmlns:dcterms="http://purl.org/dc/terms/" xmlns:xsi="http://www.w3.org/2001/XMLSchema-instance">
  <cp:category>model</cp:category>
  <dcterms:created xsi:type="dcterms:W3CDTF">2011-06-20T10:58:56Z</dcterms:created>
  <dc:creator>user</dc:creator>
  <dc:description></dc:description>
  <cp:lastModifiedBy>xyzhang</cp:lastModifiedBy>
  <dcterms:modified xsi:type="dcterms:W3CDTF">2021-08-27T08:21:11Z</dcterms:modified>
  <cp:revision>5.1</cp:revision>
  <cp:version>R2021b</cp:version>
</cp:coreProperties>
